,GISJOIN,YEAR,STATE,COUNTY,TRACT,tot_age25,less_hs,hs,some_college,college,graduate,hinc
1,G1300630040202,2013-2017,Georgia,Clayton County,40202,1393,318,581,338,123,33,31524
2,G1300630040203,2013-2017,Georgia,Clayton County,40203,2134,306,688,753,265,122,36786
3,G1300630040204,2013-2017,Georgia,Clayton County,40204,2452,190,877,825,371,189,39194
4,G1300630040302,2013-2017,Georgia,Clayton County,40302,3520,1034,1347,855,235,49,33190
5,G1300630040303,2013-2017,Georgia,Clayton County,40303,4072,1059,1319,1075,530,89,37236
6,G1300630040306,2013-2017,Georgia,Clayton County,40306,1959,781,430,567,169,12,27372
7,G1300630040307,2013-2017,Georgia,Clayton County,40307,3098,979,1087,787,214,31,37064
8,G1300630040308,2013-2017,Georgia,Clayton County,40308,3089,1001,1127,703,245,13,25159
9,G1300630040407,2013-2017,Georgia,Clayton County,40407,2421,618,914,582,209,98,45768
10,G1300630040408,2013-2017,Georgia,Clayton County,40408,4892,989,1879,1426,431,167,37224
11,G1300630040409,2013-2017,Georgia,Clayton County,40409,3685,742,1244,1074,425,200,42280
12,G1300630040410,2013-2017,Georgia,Clayton County,40410,4574,1311,1118,1561,425,159,45051
13,G1300630040411,2013-2017,Georgia,Clayton County,40411,8666,750,2335,2893,1736,952,69158
14,G1300630040412,2013-2017,Georgia,Clayton County,40412,5329,1059,1626,1736,496,412,43321
15,G1300630040413,2013-2017,Georgia,Clayton County,40413,4481,632,1550,869,953,477,55666
16,G1300630040414,2013-2017,Georgia,Clayton County,40414,1119,310,347,361,41,60,35000
17,G1300630040415,2013-2017,Georgia,Clayton County,40415,3478,769,1104,1033,396,176,36500
18,G1300630040416,2013-2017,Georgia,Clayton County,40416,2321,675,711,638,272,25,53094
19,G1300630040417,2013-2017,Georgia,Clayton County,40417,2692,361,1170,807,252,102,35128
20,G1300630040509,2013-2017,Georgia,Clayton County,40509,2915,263,962,878,358,454,59773
21,G1300630040510,2013-2017,Georgia,Clayton County,40510,2164,287,892,593,304,88,43833
22,G1300630040512,2013-2017,Georgia,Clayton County,40512,3384,458,1173,1068,474,211,36414
23,G1300630040513,2013-2017,Georgia,Clayton County,40513,3103,581,1164,915,283,160,64038
24,G1300630040514,2013-2017,Georgia,Clayton County,40514,4440,497,1447,1553,607,336,44922
25,G1300630040515,2013-2017,Georgia,Clayton County,40515,4820,555,1762,1852,369,282,42407
26,G1300630040516,2013-2017,Georgia,Clayton County,40516,3617,524,1172,1368,361,192,43485
27,G1300630040518,2013-2017,Georgia,Clayton County,40518,3125,557,1056,1109,266,137,41375
28,G1300630040519,2013-2017,Georgia,Clayton County,40519,2658,265,1024,852,425,92,32568
29,G1300630040520,2013-2017,Georgia,Clayton County,40520,2390,304,793,927,284,82,32414
30,G1300630040521,2013-2017,Georgia,Clayton County,40521,2057,334,697,755,187,84,30550
31,G1300630040522,2013-2017,Georgia,Clayton County,40522,2910,428,999,974,331,178,33333
32,G1300630040523,2013-2017,Georgia,Clayton County,40523,1926,253,541,695,367,70,44353
33,G1300630040524,2013-2017,Georgia,Clayton County,40524,4948,612,1241,2091,775,229,43407
34,G1300630040525,2013-2017,Georgia,Clayton County,40525,1852,247,497,731,259,118,41819
35,G1300630040526,2013-2017,Georgia,Clayton County,40526,3713,277,1635,957,686,158,50752
36,G1300630040606,2013-2017,Georgia,Clayton County,40606,2290,492,691,774,216,117,44063
37,G1300630040608,2013-2017,Georgia,Clayton County,40608,7626,371,2247,2715,1634,659,60957
38,G1300630040609,2013-2017,Georgia,Clayton County,40609,4120,474,1388,1630,379,249,57092
39,G1300630040611,2013-2017,Georgia,Clayton County,40611,3638,924,1259,1051,306,98,30318
40,G1300630040612,2013-2017,Georgia,Clayton County,40612,4357,961,1832,1126,244,194,29157
41,G1300630040613,2013-2017,Georgia,Clayton County,40613,4986,481,1712,1418,884,491,52431
42,G1300630040614,2013-2017,Georgia,Clayton County,40614,3427,356,996,1016,611,448,68030
43,G1300630040615,2013-2017,Georgia,Clayton County,40615,1200,87,423,490,132,68,66250
44,G1300630040616,2013-2017,Georgia,Clayton County,40616,5324,295,1704,2013,957,355,48285
45,G1300630040617,2013-2017,Georgia,Clayton County,40617,648,388,156,60,36,8,33182
46,G1300630040619,2013-2017,Georgia,Clayton County,40619,1747,132,728,461,256,170,62500
47,G1300630040620,2013-2017,Georgia,Clayton County,40620,2593,276,703,1064,324,226,60893
48,G1300630040621,2013-2017,Georgia,Clayton County,40621,6237,543,1541,2303,1034,816,52705
49,G1300630040622,2013-2017,Georgia,Clayton County,40622,4922,704,1892,1446,526,354,48278
50,G1300670030101,2013-2017,Georgia,Cobb County,30101,5383,430,1290,1991,1211,461,81010
51,G1300670030103,2013-2017,Georgia,Cobb County,30103,6483,408,1267,1960,1854,994,76602
52,G1300670030104,2013-2017,Georgia,Cobb County,30104,2406,325,573,916,485,107,50000
53,G1300670030106,2013-2017,Georgia,Cobb County,30106,4735,441,1452,1605,910,327,51653
54,G1300670030107,2013-2017,Georgia,Cobb County,30107,3283,225,442,1193,936,487,83697
55,G1300670030209,2013-2017,Georgia,Cobb County,30209,5196,91,1286,1568,1624,627,87430
56,G1300670030214,2013-2017,Georgia,Cobb County,30214,5686,438,1080,1487,2050,631,80086
57,G1300670030215,2013-2017,Georgia,Cobb County,30215,5783,505,1288,1500,1856,634,73199
58,G1300670030218,2013-2017,Georgia,Cobb County,30218,3475,158,454,754,1261,848,137260
59,G1300670030219,2013-2017,Georgia,Cobb County,30219,6517,315,1033,1894,2387,888,108099
60,G1300670030220,2013-2017,Georgia,Cobb County,30220,1174,41,245,332,340,216,85509
61,G1300670030222,2013-2017,Georgia,Cobb County,30222,3772,115,676,965,1462,554,92587
62,G1300670030223,2013-2017,Georgia,Cobb County,30223,4025,367,850,1308,1085,415,66722
63,G1300670030224,2013-2017,Georgia,Cobb County,30224,3995,352,623,1212,1220,588,73061
64,G1300670030226,2013-2017,Georgia,Cobb County,30226,6038,164,852,1868,2312,842,80265
65,G1300670030227,2013-2017,Georgia,Cobb County,30227,5132,626,1032,1859,1133,482,62581
66,G1300670030228,2013-2017,Georgia,Cobb County,30228,3943,203,760,1523,909,548,46363
67,G1300670030229,2013-2017,Georgia,Cobb County,30229,2303,68,624,774,589,248,55738
68,G1300670030230,2013-2017,Georgia,Cobb County,30230,9192,659,1764,2528,2600,1641,65966
69,G1300670030231,2013-2017,Georgia,Cobb County,30231,5389,99,902,1567,1851,970,100777
70,G1300670030232,2013-2017,Georgia,Cobb County,30232,4267,207,631,1165,1467,797,109602
71,G1300670030233,2013-2017,Georgia,Cobb County,30233,2828,64,441,746,949,628,104167
72,G1300670030234,2013-2017,Georgia,Cobb County,30234,4585,227,1183,1262,1254,659,111250
73,G1300670030235,2013-2017,Georgia,Cobb County,30235,3243,174,427,851,1126,665,104265
74,G1300670030236,2013-2017,Georgia,Cobb County,30236,2864,33,351,635,1236,609,145240
75,G1300670030238,2013-2017,Georgia,Cobb County,30238,4216,196,427,1355,1625,613,117352
76,G1300670030239,2013-2017,Georgia,Cobb County,30239,5278,147,899,1364,1903,965,118327
77,G1300670030310,2013-2017,Georgia,Cobb County,30310,5546,256,1428,1807,1497,558,71193
78,G1300670030311,2013-2017,Georgia,Cobb County,30311,4190,89,847,1308,1424,522,96214
79,G1300670030312,2013-2017,Georgia,Cobb County,30312,4241,140,897,1500,1289,415,78185
80,G1300670030313,2013-2017,Georgia,Cobb County,30313,5990,440,1275,1613,2002,660,93817
81,G1300670030314,2013-2017,Georgia,Cobb County,30314,5845,131,919,1609,2010,1176,99899
82,G1300670030318,2013-2017,Georgia,Cobb County,30318,5531,70,405,891,2272,1893,144698
83,G1300670030319,2013-2017,Georgia,Cobb County,30319,2926,39,277,581,1093,936,102736
84,G1300670030320,2013-2017,Georgia,Cobb County,30320,5607,22,211,810,2824,1740,84238
85,G1300670030322,2013-2017,Georgia,Cobb County,30322,2296,103,128,582,942,541,97629
86,G1300670030324,2013-2017,Georgia,Cobb County,30324,2512,96,467,888,726,335,96940
87,G1300670030326,2013-2017,Georgia,Cobb County,30326,3154,153,300,634,1345,722,139118
88,G1300670030327,2013-2017,Georgia,Cobb County,30327,3160,91,371,770,1166,762,103125
89,G1300670030328,2013-2017,Georgia,Cobb County,30328,4675,144,676,977,1773,1105,125707
90,G1300670030329,2013-2017,Georgia,Cobb County,30329,3191,108,318,823,1350,592,108995
91,G1300670030330,2013-2017,Georgia,Cobb County,30330,4140,117,459,1009,1584,971,110060
92,G1300670030331,2013-2017,Georgia,Cobb County,30331,4175,45,464,863,1762,1041,108750
93,G1300670030332,2013-2017,Georgia,Cobb County,30332,2332,50,158,375,1059,690,119712
94,G1300670030333,2013-2017,Georgia,Cobb County,30333,3999,1,342,662,1856,1138,119177
95,G1300670030334,2013-2017,Georgia,Cobb County,30334,2365,63,216,390,1085,611,106250
96,G1300670030335,2013-2017,Georgia,Cobb County,30335,3372,15,243,521,1569,1024,140179
97,G1300670030336,2013-2017,Georgia,Cobb County,30336,4853,39,291,1030,2095,1398,153313
98,G1300670030337,2013-2017,Georgia,Cobb County,30337,3152,9,182,482,1448,1031,151719
99,G1300670030339,2013-2017,Georgia,Cobb County,30339,4273,97,633,661,1722,1160,61542
100,G1300670030340,2013-2017,Georgia,Cobb County,30340,2705,59,235,528,1303,580,138372
101,G1300670030341,2013-2017,Georgia,Cobb County,30341,2914,106,489,663,1078,578,100154
102,G1300670030342,2013-2017,Georgia,Cobb County,30342,3259,30,148,935,1461,685,109601
103,G1300670030343,2013-2017,Georgia,Cobb County,30343,3061,79,269,426,1432,855,113482
104,G1300670030344,2013-2017,Georgia,Cobb County,30344,2703,114,499,928,862,300,45915
105,G1300670030345,2013-2017,Georgia,Cobb County,30345,3267,379,431,416,1067,974,66117
106,G1300670030405,2013-2017,Georgia,Cobb County,30405,4367,689,980,1519,846,333,48781
107,G1300670030407,2013-2017,Georgia,Cobb County,30407,3860,324,721,1050,1182,583,71364
108,G1300670030408,2013-2017,Georgia,Cobb County,30408,2212,120,331,554,810,397,61307
109,G1300670030409,2013-2017,Georgia,Cobb County,30409,2333,125,316,378,841,673,117721
110,G1300670030410,2013-2017,Georgia,Cobb County,30410,3223,209,471,990,1109,444,57319
111,G1300670030411,2013-2017,Georgia,Cobb County,30411,1704,523,337,431,344,69,36394
112,G1300670030412,2013-2017,Georgia,Cobb County,30412,2882,329,661,979,680,233,38668
113,G1300670030413,2013-2017,Georgia,Cobb County,30413,3612,284,907,988,1116,317,51126
114,G1300670030414,2013-2017,Georgia,Cobb County,30414,2049,139,597,814,383,116,38625
115,G1300670030502,2013-2017,Georgia,Cobb County,30502,5103,320,908,1383,1743,749,96148
116,G1300670030504,2013-2017,Georgia,Cobb County,30504,4490,683,660,1183,1335,629,72306
117,G1300670030505,2013-2017,Georgia,Cobb County,30505,4460,733,933,1369,1119,306,49619
118,G1300670030506,2013-2017,Georgia,Cobb County,30506,3064,325,522,1138,622,457,62415
119,G1300670030507,2013-2017,Georgia,Cobb County,30507,3782,220,826,1042,1209,485,75938
120,G1300670030601,2013-2017,Georgia,Cobb County,30601,5218,171,885,1581,1817,764,62893
121,G1300670030602,2013-2017,Georgia,Cobb County,30602,5183,389,791,1343,1691,969,84304
122,G1300670030700,2013-2017,Georgia,Cobb County,30700,3072,640,712,924,524,272,41972
123,G1300670030800,2013-2017,Georgia,Cobb County,30800,2600,931,493,446,498,232,39648
124,G1300670030901,2013-2017,Georgia,Cobb County,30901,5648,197,1340,1712,1644,755,65973
125,G1300670030902,2013-2017,Georgia,Cobb County,30902,4176,1209,939,765,716,547,60820
126,G1300670030904,2013-2017,Georgia,Cobb County,30904,4079,1044,1154,1065,543,273,38818
127,G1300670030905,2013-2017,Georgia,Cobb County,30905,5321,1070,1645,1544,764,298,54167
128,G1300670031001,2013-2017,Georgia,Cobb County,31001,3106,1324,906,645,188,43,26719
129,G1300670031002,2013-2017,Georgia,Cobb County,31002,5323,1772,1418,1440,484,209,33037
130,G1300670031004,2013-2017,Georgia,Cobb County,31004,4781,1333,1281,1554,511,102,40161
131,G1300670031005,2013-2017,Georgia,Cobb County,31005,3654,852,1207,905,490,200,63617
132,G1300670031101,2013-2017,Georgia,Cobb County,31101,3237,924,668,721,637,287,51506
133,G1300670031106,2013-2017,Georgia,Cobb County,31106,6018,680,1400,1581,1535,822,70933
134,G1300670031108,2013-2017,Georgia,Cobb County,31108,3898,170,591,1257,1275,605,50752
135,G1300670031110,2013-2017,Georgia,Cobb County,31110,2328,299,484,466,655,424,63269
136,G1300670031111,2013-2017,Georgia,Cobb County,31111,2767,37,413,781,1042,494,82757
137,G1300670031112,2013-2017,Georgia,Cobb County,31112,3989,17,369,796,1491,1316,112500
138,G1300670031113,2013-2017,Georgia,Cobb County,31113,761,101,112,212,270,66,35625
139,G1300670031114,2013-2017,Georgia,Cobb County,31114,5452,1054,1079,1536,1112,671,42732
140,G1300670031115,2013-2017,Georgia,Cobb County,31115,3197,405,746,771,783,492,66309
141,G1300670031116,2013-2017,Georgia,Cobb County,31116,2747,596,736,828,381,206,29763
142,G1300670031117,2013-2017,Georgia,Cobb County,31117,3976,155,839,996,1163,823,93631
143,G1300670031118,2013-2017,Georgia,Cobb County,31118,3670,152,645,782,1182,909,77795
144,G1300670031205,2013-2017,Georgia,Cobb County,31205,4506,66,481,1099,1807,1053,81528
145,G1300670031206,2013-2017,Georgia,Cobb County,31206,8274,207,1103,1921,2923,2120,77623
146,G1300670031207,2013-2017,Georgia,Cobb County,31207,3602,59,495,723,1220,1105,77895
147,G1300670031208,2013-2017,Georgia,Cobb County,31208,4595,89,305,649,2273,1279,69737
148,G1300670031209,2013-2017,Georgia,Cobb County,31209,3425,30,241,679,1523,952,139792
149,G1300670031211,2013-2017,Georgia,Cobb County,31211,3386,7,260,778,1517,824,67489
150,G1300670031212,2013-2017,Georgia,Cobb County,31212,1888,9,85,256,832,706,152500
151,G1300670031306,2013-2017,Georgia,Cobb County,31306,2807,560,810,607,565,265,59981
152,G1300670031307,2013-2017,Georgia,Cobb County,31307,4223,385,1253,1162,937,486,70839
153,G1300670031308,2013-2017,Georgia,Cobb County,31308,3648,802,1334,883,396,233,47373
154,G1300670031309,2013-2017,Georgia,Cobb County,31309,4895,1024,1452,1438,503,478,48313
155,G1300670031310,2013-2017,Georgia,Cobb County,31310,4238,1225,1429,1055,290,239,32000
156,G1300670031311,2013-2017,Georgia,Cobb County,31311,5953,1096,1612,1894,947,404,43030
157,G1300670031312,2013-2017,Georgia,Cobb County,31312,6204,855,984,1586,1735,1044,69528
158,G1300670031313,2013-2017,Georgia,Cobb County,31313,6929,340,882,1217,2360,2130,110750
159,G1300670031404,2013-2017,Georgia,Cobb County,31404,4518,312,1603,1453,777,373,72108
160,G1300670031405,2013-2017,Georgia,Cobb County,31405,5238,494,1330,1735,1090,589,61593
161,G1300670031406,2013-2017,Georgia,Cobb County,31406,5316,468,1773,1787,1027,261,34437
162,G1300670031408,2013-2017,Georgia,Cobb County,31408,4336,687,1216,1616,560,257,51228
163,G1300670031409,2013-2017,Georgia,Cobb County,31409,3735,435,1110,1242,614,334,42265
164,G1300670031503,2013-2017,Georgia,Cobb County,31503,6212,952,1374,1936,1389,561,62896
165,G1300670031505,2013-2017,Georgia,Cobb County,31505,3828,165,972,1007,1016,668,64214
166,G1300670031506,2013-2017,Georgia,Cobb County,31506,3264,402,1061,949,523,329,50601
167,G1300670031507,2013-2017,Georgia,Cobb County,31507,2536,335,613,906,510,172,55845
168,G1300670031508,2013-2017,Georgia,Cobb County,31508,3724,225,819,1224,926,530,74313
169,G1300670031509,2013-2017,Georgia,Cobb County,31509,7636,1099,1872,2438,1433,794,70565
170,G1300890020100,2013-2017,Georgia,DeKalb County,20100,1455,17,118,89,553,678,174526
171,G1300890020200,2013-2017,Georgia,DeKalb County,20200,1657,14,132,240,636,635,87889
172,G1300890020300,2013-2017,Georgia,DeKalb County,20300,2934,74,154,362,1102,1242,113088
173,G1300890020400,2013-2017,Georgia,DeKalb County,20400,1891,8,50,249,872,712,78681
174,G1300890020500,2013-2017,Georgia,DeKalb County,20500,2685,310,700,455,727,493,55208
175,G1300890020600,2013-2017,Georgia,DeKalb County,20600,1492,60,322,357,471,282,43295
176,G1300890020700,2013-2017,Georgia,DeKalb County,20700,1665,174,265,318,495,413,53833
177,G1300890020801,2013-2017,Georgia,DeKalb County,20801,2032,183,321,397,653,478,92594
178,G1300890020802,2013-2017,Georgia,DeKalb County,20802,3303,377,741,717,778,690,57204
179,G1300890020900,2013-2017,Georgia,DeKalb County,20900,4809,473,1210,1055,1246,825,66536
180,G1300890021101,2013-2017,Georgia,DeKalb County,21101,2562,33,272,261,969,1027,162159
181,G1300890021102,2013-2017,Georgia,DeKalb County,21102,4113,112,312,601,1630,1458,83628
182,G1300890021202,2013-2017,Georgia,DeKalb County,21202,5505,129,676,669,2132,1899,99928
183,G1300890021204,2013-2017,Georgia,DeKalb County,21204,1908,1406,349,91,20,42,26523
184,G1300890021208,2013-2017,Georgia,DeKalb County,21208,3192,185,547,517,1181,762,67850
185,G1300890021209,2013-2017,Georgia,DeKalb County,21209,5029,260,788,787,1933,1261,72317
186,G1300890021210,2013-2017,Georgia,DeKalb County,21210,3938,33,348,647,1728,1182,152011
187,G1300890021211,2013-2017,Georgia,DeKalb County,21211,3852,56,444,645,1437,1270,102500
188,G1300890021213,2013-2017,Georgia,DeKalb County,21213,2419,48,170,431,918,852,147550
189,G1300890021214,2013-2017,Georgia,DeKalb County,21214,4049,68,168,521,1639,1653,140481
190,G1300890021215,2013-2017,Georgia,DeKalb County,21215,4412,218,248,419,1905,1622,97894
191,G1300890021216,2013-2017,Georgia,DeKalb County,21216,6110,161,210,773,2690,2276,84889
192,G1300890021217,2013-2017,Georgia,DeKalb County,21217,1592,50,268,295,624,355,88000
193,G1300890021218,2013-2017,Georgia,DeKalb County,21218,4649,98,787,1051,1642,1071,55709
194,G1300890021301,2013-2017,Georgia,DeKalb County,21301,2625,462,884,435,526,318,50081
195,G1300890021303,2013-2017,Georgia,DeKalb County,21303,3709,1412,1042,553,496,206,38710
196,G1300890021305,2013-2017,Georgia,DeKalb County,21305,2774,703,638,377,615,441,49487
197,G1300890021306,2013-2017,Georgia,DeKalb County,21306,3322,1028,644,629,684,337,49835
198,G1300890021307,2013-2017,Georgia,DeKalb County,21307,2556,858,451,497,493,257,49468
199,G1300890021308,2013-2017,Georgia,DeKalb County,21308,2941,967,556,445,598,375,46496
200,G1300890021405,2013-2017,Georgia,DeKalb County,21405,3564,102,312,381,1488,1281,135020
201,G1300890021409,2013-2017,Georgia,DeKalb County,21409,2352,855,462,422,387,226,46985
202,G1300890021410,2013-2017,Georgia,DeKalb County,21410,3816,1352,510,581,876,497,55208
203,G1300890021411,2013-2017,Georgia,DeKalb County,21411,2694,83,105,304,1317,885,96071
204,G1300890021412,2013-2017,Georgia,DeKalb County,21412,2725,189,208,293,1361,674,119297
205,G1300890021413,2013-2017,Georgia,DeKalb County,21413,2692,1164,747,345,307,129,42143
206,G1300890021414,2013-2017,Georgia,DeKalb County,21414,2636,611,525,472,576,452,45966
207,G1300890021415,2013-2017,Georgia,DeKalb County,21415,2733,250,146,345,1056,936,104226
208,G1300890021416,2013-2017,Georgia,DeKalb County,21416,1646,424,167,144,624,287,79844
209,G1300890021417,2013-2017,Georgia,DeKalb County,21417,3744,1329,746,599,696,374,47616
210,G1300890021502,2013-2017,Georgia,DeKalb County,21502,3666,39,501,520,1479,1127,69215
211,G1300890021503,2013-2017,Georgia,DeKalb County,21503,2649,102,538,509,875,625,52434
212,G1300890021504,2013-2017,Georgia,DeKalb County,21504,3908,160,200,468,1509,1571,58519
213,G1300890021602,2013-2017,Georgia,DeKalb County,21602,2969,38,212,599,1275,845,68750
214,G1300890021603,2013-2017,Georgia,DeKalb County,21603,3586,106,523,498,1355,1104,58000
215,G1300890021604,2013-2017,Georgia,DeKalb County,21604,2199,5,123,336,783,952,150625
216,G1300890021605,2013-2017,Georgia,DeKalb County,21605,4004,406,367,984,1154,1093,69509
217,G1300890021703,2013-2017,Georgia,DeKalb County,21703,3297,91,358,489,1082,1277,134712
218,G1300890021704,2013-2017,Georgia,DeKalb County,21704,4076,96,439,887,1175,1479,93529
219,G1300890021705,2013-2017,Georgia,DeKalb County,21705,3442,392,667,868,870,645,41481
220,G1300890021706,2013-2017,Georgia,DeKalb County,21706,3931,115,339,630,1512,1335,81033
221,G1300890021805,2013-2017,Georgia,DeKalb County,21805,4931,732,778,1399,1166,856,57297
222,G1300890021806,2013-2017,Georgia,DeKalb County,21806,4770,621,943,1335,1279,592,51174
223,G1300890021808,2013-2017,Georgia,DeKalb County,21808,3358,245,642,887,925,659,73750
224,G1300890021809,2013-2017,Georgia,DeKalb County,21809,5471,411,818,1054,1720,1468,91528
225,G1300890021810,2013-2017,Georgia,DeKalb County,21810,4315,138,512,936,1463,1266,68837
226,G1300890021812,2013-2017,Georgia,DeKalb County,21812,1485,286,170,390,365,274,63690
227,G1300890021813,2013-2017,Georgia,DeKalb County,21813,1642,301,396,526,336,83,35991
228,G1300890021814,2013-2017,Georgia,DeKalb County,21814,3660,748,808,1051,789,264,34887
229,G1300890021906,2013-2017,Georgia,DeKalb County,21906,3562,428,840,1216,767,311,41963
230,G1300890021907,2013-2017,Georgia,DeKalb County,21907,6320,701,1527,2105,1107,880,50257
231,G1300890021908,2013-2017,Georgia,DeKalb County,21908,3619,619,1436,1115,186,263,30985
232,G1300890021909,2013-2017,Georgia,DeKalb County,21909,4653,772,1312,1549,739,281,33601
233,G1300890021910,2013-2017,Georgia,DeKalb County,21910,3779,289,1047,1137,725,581,41951
234,G1300890021911,2013-2017,Georgia,DeKalb County,21911,1369,245,527,517,17,63,23532
235,G1300890021912,2013-2017,Georgia,DeKalb County,21912,3052,114,269,628,995,1046,144844
236,G1300890021913,2013-2017,Georgia,DeKalb County,21913,2987,388,798,1115,533,153,30962
237,G1300890022001,2013-2017,Georgia,DeKalb County,22001,3715,126,1054,639,1303,593,68327
238,G1300890022004,2013-2017,Georgia,DeKalb County,22004,3708,909,987,873,633,306,50431
239,G1300890022005,2013-2017,Georgia,DeKalb County,22005,3308,877,688,1005,534,204,32262
240,G1300890022007,2013-2017,Georgia,DeKalb County,22007,2235,989,451,433,277,85,30606
241,G1300890022008,2013-2017,Georgia,DeKalb County,22008,4727,1826,948,968,680,305,26577
242,G1300890022009,2013-2017,Georgia,DeKalb County,22009,3116,647,822,823,658,166,37086
243,G1300890022010,2013-2017,Georgia,DeKalb County,22010,1456,543,326,223,206,158,58182
244,G1300890022100,2013-2017,Georgia,DeKalb County,22100,2225,184,621,586,431,403,34479
245,G1300890022203,2013-2017,Georgia,DeKalb County,22203,1651,56,249,336,635,375,53819
246,G1300890022204,2013-2017,Georgia,DeKalb County,22204,5157,1066,794,973,1194,1130,47421
247,G1300890022301,2013-2017,Georgia,DeKalb County,22301,4428,205,296,773,1570,1584,66260
248,G1300890022302,2013-2017,Georgia,DeKalb County,22302,3440,404,335,493,1202,1006,74500
249,G1300890022401,2013-2017,Georgia,DeKalb County,22401,2825,45,116,230,1159,1275,86366
250,G1300890022402,2013-2017,Georgia,DeKalb County,22402,1130,26,87,161,382,474,38944
251,G1300890022403,2013-2017,Georgia,DeKalb County,22403,2757,25,62,282,830,1558,151037
252,G1300890022500,2013-2017,Georgia,DeKalb County,22500,3886,395,586,404,1206,1295,78555
253,G1300890022600,2013-2017,Georgia,DeKalb County,22600,4176,112,302,552,1631,1579,79806
254,G1300890022700,2013-2017,Georgia,DeKalb County,22700,3009,140,405,502,925,1037,102604
255,G1300890022800,2013-2017,Georgia,DeKalb County,22800,2127,63,118,208,751,987,128393
256,G1300890022900,2013-2017,Georgia,DeKalb County,22900,2734,151,400,647,806,730,73472
257,G1300890023000,2013-2017,Georgia,DeKalb County,23000,1535,5,141,295,503,591,66250
258,G1300890023101,2013-2017,Georgia,DeKalb County,23101,3584,830,1068,744,640,302,49667
259,G1300890023102,2013-2017,Georgia,DeKalb County,23102,2554,363,628,590,532,441,39703
260,G1300890023107,2013-2017,Georgia,DeKalb County,23107,3224,554,988,1030,378,274,42688
261,G1300890023108,2013-2017,Georgia,DeKalb County,23108,2906,412,1039,892,339,224,31078
262,G1300890023111,2013-2017,Georgia,DeKalb County,23111,1522,195,438,487,249,153,59306
263,G1300890023112,2013-2017,Georgia,DeKalb County,23112,3002,261,1032,1252,377,80,26870
264,G1300890023113,2013-2017,Georgia,DeKalb County,23113,1938,80,545,649,374,290,31984
265,G1300890023114,2013-2017,Georgia,DeKalb County,23114,1779,197,487,563,360,172,50889
266,G1300890023204,2013-2017,Georgia,DeKalb County,23204,4829,357,1580,1645,786,461,50500
267,G1300890023206,2013-2017,Georgia,DeKalb County,23206,5217,676,1619,1869,839,214,50142
268,G1300890023208,2013-2017,Georgia,DeKalb County,23208,4768,501,1564,1826,526,351,40182
269,G1300890023209,2013-2017,Georgia,DeKalb County,23209,3843,415,900,1490,766,272,54907
270,G1300890023210,2013-2017,Georgia,DeKalb County,23210,4524,669,1051,1708,841,255,39583
271,G1300890023211,2013-2017,Georgia,DeKalb County,23211,2464,215,376,831,613,429,53563
272,G1300890023212,2013-2017,Georgia,DeKalb County,23212,2818,183,806,1113,473,243,61510
273,G1300890023213,2013-2017,Georgia,DeKalb County,23213,4241,391,1399,1478,641,332,43821
274,G1300890023214,2013-2017,Georgia,DeKalb County,23214,3921,226,1237,1486,656,316,49304
275,G1300890023303,2013-2017,Georgia,DeKalb County,23303,4070,580,1446,1194,469,381,45134
276,G1300890023306,2013-2017,Georgia,DeKalb County,23306,4735,354,903,1928,944,606,61975
277,G1300890023309,2013-2017,Georgia,DeKalb County,23309,6055,334,2438,2091,891,301,46220
278,G1300890023310,2013-2017,Georgia,DeKalb County,23310,5780,643,1722,1930,1021,464,33879
279,G1300890023311,2013-2017,Georgia,DeKalb County,23311,3110,236,621,1180,676,397,77065
280,G1300890023312,2013-2017,Georgia,DeKalb County,23312,6459,362,1593,1960,1795,749,65716
281,G1300890023313,2013-2017,Georgia,DeKalb County,23313,3476,443,794,1443,585,211,47010
282,G1300890023314,2013-2017,Georgia,DeKalb County,23314,4214,350,1133,1530,671,530,51339
283,G1300890023315,2013-2017,Georgia,DeKalb County,23315,3371,227,902,1190,666,386,66818
284,G1300890023316,2013-2017,Georgia,DeKalb County,23316,5463,601,937,1893,992,1040,61860
285,G1300890023410,2013-2017,Georgia,DeKalb County,23410,2406,328,803,923,218,134,30250
286,G1300890023411,2013-2017,Georgia,DeKalb County,23411,3150,422,1187,1117,247,177,37479
287,G1300890023412,2013-2017,Georgia,DeKalb County,23412,4355,279,1196,1658,750,472,47004
288,G1300890023413,2013-2017,Georgia,DeKalb County,23413,2802,253,747,1106,390,306,52457
289,G1300890023414,2013-2017,Georgia,DeKalb County,23414,4751,442,1363,1425,883,638,58316
290,G1300890023416,2013-2017,Georgia,DeKalb County,23416,4561,458,994,1643,824,642,64215
291,G1300890023418,2013-2017,Georgia,DeKalb County,23418,11620,852,2126,4489,3192,961,48509
292,G1300890023419,2013-2017,Georgia,DeKalb County,23419,6798,422,1711,2620,1405,640,64205
293,G1300890023421,2013-2017,Georgia,DeKalb County,23421,4921,436,1162,1918,1028,377,40399
294,G1300890023422,2013-2017,Georgia,DeKalb County,23422,3758,487,1031,1264,640,336,60313
295,G1300890023423,2013-2017,Georgia,DeKalb County,23423,5379,347,1659,1676,1152,545,73042
296,G1300890023424,2013-2017,Georgia,DeKalb County,23424,3514,169,1085,1259,602,399,62054
297,G1300890023425,2013-2017,Georgia,DeKalb County,23425,3668,194,863,1366,708,537,59966
298,G1300890023426,2013-2017,Georgia,DeKalb County,23426,3356,204,827,1039,755,531,72250
299,G1300890023427,2013-2017,Georgia,DeKalb County,23427,1930,187,462,545,516,220,65265
300,G1300890023428,2013-2017,Georgia,DeKalb County,23428,5940,665,1716,2342,839,378,39641
301,G1300890023501,2013-2017,Georgia,DeKalb County,23501,2451,468,870,756,306,51,31591
302,G1300890023504,2013-2017,Georgia,DeKalb County,23504,2205,486,1001,472,199,47,27270
303,G1300890023505,2013-2017,Georgia,DeKalb County,23505,2060,193,749,636,388,94,37179
304,G1300890023506,2013-2017,Georgia,DeKalb County,23506,4509,531,1474,1453,570,481,42301
305,G1300890023507,2013-2017,Georgia,DeKalb County,23507,2892,331,1021,1067,286,187,44385
306,G1300890023601,2013-2017,Georgia,DeKalb County,23601,2248,339,681,531,417,280,68217
307,G1300890023602,2013-2017,Georgia,DeKalb County,23602,1737,228,621,619,190,79,39524
308,G1300890023603,2013-2017,Georgia,DeKalb County,23603,2693,465,1035,641,372,180,31125
309,G1300890023700,2013-2017,Georgia,DeKalb County,23700,3924,451,1193,1050,693,537,45077
310,G1300890023801,2013-2017,Georgia,DeKalb County,23801,3209,388,639,810,727,645,69036
311,G1300890023802,2013-2017,Georgia,DeKalb County,23802,2952,531,823,711,458,429,41276
312,G1300890023803,2013-2017,Georgia,DeKalb County,23803,4234,706,1459,1243,531,295,46055
313,G1301210000100,2013-2017,Georgia,Fulton County,100,3509,42,209,360,1301,1597,149450
314,G1301210000200,2013-2017,Georgia,Fulton County,200,4763,66,306,572,2059,1760,116094
315,G1301210000400,2013-2017,Georgia,Fulton County,400,1393,24,89,159,475,646,91857
316,G1301210000500,2013-2017,Georgia,Fulton County,500,3934,13,292,514,1358,1757,85750
317,G1301210000600,2013-2017,Georgia,Fulton County,600,3115,118,152,433,1095,1317,50969
318,G1301210000700,2013-2017,Georgia,Fulton County,700,2636,804,727,646,269,190,71214
319,G1301210001001,2013-2017,Georgia,Fulton County,1001,1504,3,84,206,675,536,80132
320,G1301210001002,2013-2017,Georgia,Fulton County,1002,486,4,32,113,235,102,27250
321,G1301210001100,2013-2017,Georgia,Fulton County,1100,3990,122,222,678,1467,1501,99205
322,G1301210001201,2013-2017,Georgia,Fulton County,1201,3240,169,195,437,1056,1383,58603
323,G1301210001202,2013-2017,Georgia,Fulton County,1202,3491,15,48,414,1484,1530,83063
324,G1301210001300,2013-2017,Georgia,Fulton County,1300,3673,219,367,822,1422,843,66223
325,G1301210001400,2013-2017,Georgia,Fulton County,1400,1894,29,187,217,825,636,86333
326,G1301210001500,2013-2017,Georgia,Fulton County,1500,3628,155,375,639,1476,983,63464
327,G1301210001600,2013-2017,Georgia,Fulton County,1600,1854,22,174,345,782,531,66806
328,G1301210001700,2013-2017,Georgia,Fulton County,1700,3548,78,391,884,1343,852,60069
329,G1301210001800,2013-2017,Georgia,Fulton County,1800,3443,267,528,811,901,936,42159
330,G1301210001900,2013-2017,Georgia,Fulton County,1900,2179,227,316,357,515,764,62222
331,G1301210002100,2013-2017,Georgia,Fulton County,2100,1835,169,490,546,296,334,51250
332,G1301210002300,2013-2017,Georgia,Fulton County,2300,1021,317,295,302,102,5,27674
333,G1301210002400,2013-2017,Georgia,Fulton County,2400,1612,209,495,507,272,129,30972
334,G1301210002500,2013-2017,Georgia,Fulton County,2500,1633,316,346,554,281,136,26066
335,G1301210002600,2013-2017,Georgia,Fulton County,2600,889,133,251,368,57,80,26350
336,G1301210002800,2013-2017,Georgia,Fulton County,2800,1809,115,305,536,503,350,26059
337,G1301210002900,2013-2017,Georgia,Fulton County,2900,1985,126,297,409,548,605,63112
338,G1301210003000,2013-2017,Georgia,Fulton County,3000,2739,26,157,314,1156,1086,94079
339,G1301210003100,2013-2017,Georgia,Fulton County,3100,1471,155,180,360,439,337,46467
340,G1301210003200,2013-2017,Georgia,Fulton County,3200,1952,109,201,368,669,605,84350
341,G1301210003500,2013-2017,Georgia,Fulton County,3500,1841,383,460,448,334,216,55585
342,G1301210003600,2013-2017,Georgia,Fulton County,3600,923,119,163,258,249,134,41372
343,G1301210003700,2013-2017,Georgia,Fulton County,3700,136,68,0,26,42,0,22679
344,G1301210003800,2013-2017,Georgia,Fulton County,3800,323,76,55,79,72,41,22150
345,G1301210003900,2013-2017,Georgia,Fulton County,3900,1383,253,541,394,144,51,36174
346,G1301210004000,2013-2017,Georgia,Fulton County,4000,1787,269,564,589,177,188,28191
347,G1301210004100,2013-2017,Georgia,Fulton County,4100,1392,374,231,487,154,146,38519
348,G1301210004200,2013-2017,Georgia,Fulton County,4200,1912,505,455,462,313,177,18569
349,G1301210004300,2013-2017,Georgia,Fulton County,4300,931,58,282,344,141,106,28287
350,G1301210004400,2013-2017,Georgia,Fulton County,4400,1247,236,376,400,193,42,18030
351,G1301210004800,2013-2017,Georgia,Fulton County,4800,711,143,190,146,170,62,16413
352,G1301210004900,2013-2017,Georgia,Fulton County,4900,1946,110,134,468,721,513,77875
353,G1301210005000,2013-2017,Georgia,Fulton County,5000,1600,60,144,295,547,554,79250
354,G1301210005200,2013-2017,Georgia,Fulton County,5200,4098,237,321,750,1346,1444,93580
355,G1301210005300,2013-2017,Georgia,Fulton County,5300,2650,12,209,414,1084,931,93456
356,G1301210005501,2013-2017,Georgia,Fulton County,5501,1381,171,454,343,264,149,30469
357,G1301210005502,2013-2017,Georgia,Fulton County,5502,1346,247,318,532,199,50,19469
358,G1301210005700,2013-2017,Georgia,Fulton County,5700,929,209,243,317,99,61,19698
359,G1301210005800,2013-2017,Georgia,Fulton County,5800,1268,246,395,234,273,120,31625
360,G1301210006000,2013-2017,Georgia,Fulton County,6000,2418,410,950,672,212,174,35549
361,G1301210006100,2013-2017,Georgia,Fulton County,6100,2551,499,831,887,212,122,29276
362,G1301210006200,2013-2017,Georgia,Fulton County,6200,980,210,370,250,85,65,27115
363,G1301210006300,2013-2017,Georgia,Fulton County,6300,1017,226,427,248,64,52,24893
364,G1301210006400,2013-2017,Georgia,Fulton County,6400,784,192,188,226,129,49,43690
365,G1301210006500,2013-2017,Georgia,Fulton County,6500,2980,689,866,770,393,262,39274
366,G1301210006601,2013-2017,Georgia,Fulton County,6601,1489,230,453,515,202,89,36250
367,G1301210006602,2013-2017,Georgia,Fulton County,6602,781,147,396,226,4,8,20170
368,G1301210006700,2013-2017,Georgia,Fulton County,6700,2689,765,759,583,398,184,23017
369,G1301210006802,2013-2017,Georgia,Fulton County,6802,636,193,269,146,14,14,9815
370,G1301210006900,2013-2017,Georgia,Fulton County,6900,2629,500,577,693,421,438,71359
371,G1301210007001,2013-2017,Georgia,Fulton County,7001,2852,683,1038,765,327,39,26436
372,G1301210007002,2013-2017,Georgia,Fulton County,7002,1431,342,457,429,172,31,34286
373,G1301210007100,2013-2017,Georgia,Fulton County,7100,1553,332,630,481,94,16,22500
374,G1301210007200,2013-2017,Georgia,Fulton County,7200,1370,206,613,363,161,27,24722
375,G1301210007300,2013-2017,Georgia,Fulton County,7300,5069,1012,2034,1499,379,145,24465
376,G1301210007400,2013-2017,Georgia,Fulton County,7400,2119,456,850,637,164,12,17796
377,G1301210007500,2013-2017,Georgia,Fulton County,7500,2362,365,1014,558,298,127,23563
378,G1301210007602,2013-2017,Georgia,Fulton County,7602,2029,166,752,588,309,214,34136
379,G1301210007603,2013-2017,Georgia,Fulton County,7603,2827,643,1007,927,221,29,13792
380,G1301210007604,2013-2017,Georgia,Fulton County,7604,1754,431,680,384,170,89,18537
381,G1301210007703,2013-2017,Georgia,Fulton County,7703,2995,455,783,998,432,327,42150
382,G1301210007704,2013-2017,Georgia,Fulton County,7704,3868,571,1407,1061,435,394,30497
383,G1301210007705,2013-2017,Georgia,Fulton County,7705,2824,445,864,850,478,187,22592
384,G1301210007706,2013-2017,Georgia,Fulton County,7706,7053,1419,1589,2149,1167,729,36369
385,G1301210007802,2013-2017,Georgia,Fulton County,7802,6228,612,1317,1804,1022,1473,44932
386,G1301210007805,2013-2017,Georgia,Fulton County,7805,2236,157,962,725,212,180,33255
387,G1301210007806,2013-2017,Georgia,Fulton County,7806,4612,645,1289,1897,412,369,31192
388,G1301210007807,2013-2017,Georgia,Fulton County,7807,2004,587,596,487,195,139,21912
389,G1301210007808,2013-2017,Georgia,Fulton County,7808,1764,431,533,571,136,93,12266
390,G1301210007900,2013-2017,Georgia,Fulton County,7900,4412,333,1092,1459,905,623,54467
391,G1301210008000,2013-2017,Georgia,Fulton County,8000,4053,622,1326,1341,409,355,41450
392,G1301210008101,2013-2017,Georgia,Fulton County,8101,958,121,351,307,165,14,31833
393,G1301210008102,2013-2017,Georgia,Fulton County,8102,4323,928,1790,991,362,252,24940
394,G1301210008201,2013-2017,Georgia,Fulton County,8201,4140,335,1433,1170,773,429,31037
395,G1301210008202,2013-2017,Georgia,Fulton County,8202,1426,258,586,385,180,17,27454
396,G1301210008301,2013-2017,Georgia,Fulton County,8301,1842,282,807,514,131,108,27023
397,G1301210008302,2013-2017,Georgia,Fulton County,8302,1249,173,385,417,137,137,28949
398,G1301210008400,2013-2017,Georgia,Fulton County,8400,1895,359,618,613,281,24,21708
399,G1301210008500,2013-2017,Georgia,Fulton County,8500,1891,454,646,569,167,55,28364
400,G1301210008601,2013-2017,Georgia,Fulton County,8601,2398,386,978,715,250,69,21846
401,G1301210008602,2013-2017,Georgia,Fulton County,8602,874,66,187,379,125,117,36815
402,G1301210008700,2013-2017,Georgia,Fulton County,8700,3375,468,731,1063,668,445,29583
403,G1301210008800,2013-2017,Georgia,Fulton County,8800,3236,103,368,706,1077,982,95524
404,G1301210008902,2013-2017,Georgia,Fulton County,8902,4744,91,411,773,1898,1571,57142
405,G1301210008903,2013-2017,Georgia,Fulton County,8903,1226,127,281,106,360,352,71548
406,G1301210008904,2013-2017,Georgia,Fulton County,8904,4085,28,131,556,2031,1339,78924
407,G1301210009000,2013-2017,Georgia,Fulton County,9000,3480,53,94,296,1622,1415,105197
408,G1301210009101,2013-2017,Georgia,Fulton County,9101,3814,49,306,638,1455,1366,76981
409,G1301210009102,2013-2017,Georgia,Fulton County,9102,2385,133,118,441,884,809,54174
410,G1301210009200,2013-2017,Georgia,Fulton County,9200,5150,600,631,710,1956,1253,65957
411,G1301210009300,2013-2017,Georgia,Fulton County,9300,3807,195,213,370,1802,1227,100844
412,G1301210009402,2013-2017,Georgia,Fulton County,9402,3742,129,252,513,2090,758,69034
413,G1301210009403,2013-2017,Georgia,Fulton County,9403,3642,311,725,724,1310,572,45102
414,G1301210009404,2013-2017,Georgia,Fulton County,9404,3461,98,154,466,1660,1083,73649
415,G1301210009501,2013-2017,Georgia,Fulton County,9501,2799,8,141,291,1160,1199,149688
416,G1301210009502,2013-2017,Georgia,Fulton County,9502,2746,89,388,512,1014,743,89298
417,G1301210009601,2013-2017,Georgia,Fulton County,9601,1834,14,121,184,919,596,94265
418,G1301210009602,2013-2017,Georgia,Fulton County,9602,3822,22,195,758,1515,1332,101689
419,G1301210009603,2013-2017,Georgia,Fulton County,9603,3532,128,318,338,1728,1020,75987
420,G1301210009700,2013-2017,Georgia,Fulton County,9700,2646,7,167,286,955,1231,200179
421,G1301210009801,2013-2017,Georgia,Fulton County,9801,3203,41,290,407,1187,1278,105536
422,G1301210009802,2013-2017,Georgia,Fulton County,9802,3272,0,93,312,1460,1407,158800
423,G1301210009900,2013-2017,Georgia,Fulton County,9900,3277,0,30,430,1664,1153,124643
424,G1301210010001,2013-2017,Georgia,Fulton County,10001,3612,194,70,474,1935,939,103894
425,G1301210010002,2013-2017,Georgia,Fulton County,10002,5844,5,409,422,2928,2080,138864
426,G1301210010106,2013-2017,Georgia,Fulton County,10106,3114,58,474,648,1221,713,74167
427,G1301210010107,2013-2017,Georgia,Fulton County,10107,1474,9,124,236,754,351,174875
428,G1301210010108,2013-2017,Georgia,Fulton County,10108,2669,67,180,465,1022,935,148000
429,G1301210010110,2013-2017,Georgia,Fulton County,10110,4849,216,591,811,2033,1198,70456
430,G1301210010113,2013-2017,Georgia,Fulton County,10113,3606,573,420,773,1287,553,51344
431,G1301210010114,2013-2017,Georgia,Fulton County,10114,4850,524,751,781,1828,966,66186
432,G1301210010115,2013-2017,Georgia,Fulton County,10115,1916,93,219,383,755,466,116923
433,G1301210010117,2013-2017,Georgia,Fulton County,10117,2747,100,479,868,846,454,55782
434,G1301210010118,2013-2017,Georgia,Fulton County,10118,3712,271,1232,1155,754,300,43902
435,G1301210010119,2013-2017,Georgia,Fulton County,10119,3432,350,957,745,1101,279,43621
436,G1301210010120,2013-2017,Georgia,Fulton County,10120,1878,125,283,563,614,293,67727
437,G1301210010121,2013-2017,Georgia,Fulton County,10121,1843,35,154,347,807,500,86402
438,G1301210010122,2013-2017,Georgia,Fulton County,10122,4987,113,342,763,2196,1573,78542
439,G1301210010123,2013-2017,Georgia,Fulton County,10123,3542,226,684,694,1141,797,69479
440,G1301210010204,2013-2017,Georgia,Fulton County,10204,3589,30,95,463,1453,1548,163214
441,G1301210010205,2013-2017,Georgia,Fulton County,10205,4088,114,200,760,1781,1233,111103
442,G1301210010206,2013-2017,Georgia,Fulton County,10206,4302,52,234,461,1684,1871,177188
443,G1301210010208,2013-2017,Georgia,Fulton County,10208,3568,121,409,848,1535,655,56897
444,G1301210010209,2013-2017,Georgia,Fulton County,10209,4263,117,916,1106,1349,775,60614
445,G1301210010210,2013-2017,Georgia,Fulton County,10210,4568,116,836,853,1944,819,72979
446,G1301210010211,2013-2017,Georgia,Fulton County,10211,2037,66,271,245,734,721,138393
447,G1301210010212,2013-2017,Georgia,Fulton County,10212,3494,934,411,404,1068,677,52270
448,G1301210010301,2013-2017,Georgia,Fulton County,10301,11530,846,2618,3259,2712,2095,65340
449,G1301210010303,2013-2017,Georgia,Fulton County,10303,7156,339,1373,2119,1693,1632,63209
450,G1301210010304,2013-2017,Georgia,Fulton County,10304,10204,485,1794,2781,3233,1911,79397
451,G1301210010400,2013-2017,Georgia,Fulton County,10400,5424,940,1895,1461,668,460,50294
452,G1301210010507,2013-2017,Georgia,Fulton County,10507,4369,662,1443,1227,642,395,39190
453,G1301210010508,2013-2017,Georgia,Fulton County,10508,2230,239,747,664,331,249,46983
454,G1301210010510,2013-2017,Georgia,Fulton County,10510,9473,957,3126,3606,1007,777,38223
455,G1301210010511,2013-2017,Georgia,Fulton County,10511,4884,401,1204,1678,1114,487,58173
456,G1301210010512,2013-2017,Georgia,Fulton County,10512,3730,263,1235,1281,693,258,30819
457,G1301210010513,2013-2017,Georgia,Fulton County,10513,8410,879,3204,2339,1443,545,43931
458,G1301210010514,2013-2017,Georgia,Fulton County,10514,8188,645,2245,3183,1154,961,56991
459,G1301210010515,2013-2017,Georgia,Fulton County,10515,3396,462,748,1124,653,409,43316
460,G1301210010516,2013-2017,Georgia,Fulton County,10516,6087,433,1506,2926,904,318,50030
461,G1301210010601,2013-2017,Georgia,Fulton County,10601,2407,311,762,500,507,327,29786
462,G1301210010603,2013-2017,Georgia,Fulton County,10603,2340,357,858,817,258,50,29066
463,G1301210010604,2013-2017,Georgia,Fulton County,10604,1998,303,628,558,346,163,33133
464,G1301210010800,2013-2017,Georgia,Fulton County,10800,4492,905,1384,1253,693,257,44828
465,G1301210011000,2013-2017,Georgia,Fulton County,11000,1932,427,794,494,183,34,27344
466,G1301210011100,2013-2017,Georgia,Fulton County,11100,2005,192,525,724,323,241,51848
467,G1301210011201,2013-2017,Georgia,Fulton County,11201,2495,306,539,1023,510,117,35470
468,G1301210011202,2013-2017,Georgia,Fulton County,11202,2994,299,1121,877,532,165,40150
469,G1301210011301,2013-2017,Georgia,Fulton County,11301,3499,328,1136,946,718,371,51148
470,G1301210011303,2013-2017,Georgia,Fulton County,11303,6056,554,1397,2028,1180,897,45000
471,G1301210011305,2013-2017,Georgia,Fulton County,11305,3241,266,1259,1059,499,158,25823
472,G1301210011306,2013-2017,Georgia,Fulton County,11306,1594,179,525,596,192,102,34907
473,G1301210011405,2013-2017,Georgia,Fulton County,11405,5135,450,1064,1215,1681,725,63890
474,G1301210011410,2013-2017,Georgia,Fulton County,11410,4951,232,289,1285,2066,1079,116102
475,G1301210011411,2013-2017,Georgia,Fulton County,11411,5823,243,1022,1452,1823,1283,70663
476,G1301210011412,2013-2017,Georgia,Fulton County,11412,6307,367,779,1450,2753,958,85333
477,G1301210011414,2013-2017,Georgia,Fulton County,11414,5121,97,512,1422,1890,1200,72663
478,G1301210011416,2013-2017,Georgia,Fulton County,11416,3833,207,401,923,1608,694,103813
479,G1301210011417,2013-2017,Georgia,Fulton County,11417,3834,51,443,927,1405,1008,96538
480,G1301210011418,2013-2017,Georgia,Fulton County,11418,4404,83,407,897,1879,1138,130653
481,G1301210011419,2013-2017,Georgia,Fulton County,11419,4040,96,511,812,1757,864,105714
482,G1301210011420,2013-2017,Georgia,Fulton County,11420,4472,1760,1312,637,583,180,41275
483,G1301210011421,2013-2017,Georgia,Fulton County,11421,2663,451,507,703,631,371,47428
484,G1301210011422,2013-2017,Georgia,Fulton County,11422,2788,79,622,587,973,527,64402
485,G1301210011423,2013-2017,Georgia,Fulton County,11423,3532,78,334,690,1458,972,116250
486,G1301210011424,2013-2017,Georgia,Fulton County,11424,4372,53,556,1242,1758,763,104861
487,G1301210011425,2013-2017,Georgia,Fulton County,11425,4955,139,334,791,2290,1401,198808
488,G1301210011426,2013-2017,Georgia,Fulton County,11426,1566,145,327,269,585,240,101500
489,G1301210011427,2013-2017,Georgia,Fulton County,11427,5255,120,595,1272,2205,1063,108295
490,G1301210011503,2013-2017,Georgia,Fulton County,11503,6687,106,566,1205,2897,1913,147394
491,G1301210011504,2013-2017,Georgia,Fulton County,11504,8061,95,714,1278,3938,2036,193419
492,G1301210011505,2013-2017,Georgia,Fulton County,11505,2895,140,161,580,1456,558,179000
493,G1301210011506,2013-2017,Georgia,Fulton County,11506,4158,36,298,723,2004,1097,155980
494,G1301210011610,2013-2017,Georgia,Fulton County,11610,3736,105,436,877,1572,746,102656
495,G1301210011611,2013-2017,Georgia,Fulton County,11611,5869,618,1385,1598,1744,524,59095
496,G1301210011612,2013-2017,Georgia,Fulton County,11612,2512,83,263,477,985,704,110329
497,G1301210011613,2013-2017,Georgia,Fulton County,11613,4514,118,817,997,1561,1021,101902
498,G1301210011614,2013-2017,Georgia,Fulton County,11614,9971,282,1166,2701,3158,2664,74191
499,G1301210011615,2013-2017,Georgia,Fulton County,11615,6732,273,606,1241,2879,1733,136921
500,G1301210011616,2013-2017,Georgia,Fulton County,11616,4287,156,466,891,1460,1314,71145
501,G1301210011617,2013-2017,Georgia,Fulton County,11617,5132,83,345,1392,2127,1185,106367
502,G1301210011618,2013-2017,Georgia,Fulton County,11618,2930,10,236,440,1356,888,110335
503,G1301210011619,2013-2017,Georgia,Fulton County,11619,5471,238,440,1106,2118,1569,80469
504,G1301210011620,2013-2017,Georgia,Fulton County,11620,6850,135,1014,949,3062,1690,120227
505,G1301210011621,2013-2017,Georgia,Fulton County,11621,4645,332,420,573,1762,1558,155842
506,G1301210011622,2013-2017,Georgia,Fulton County,11622,6517,168,555,891,2678,2225,137643
507,G1301210011623,2013-2017,Georgia,Fulton County,11623,8025,437,723,1364,3341,2160,104164
508,G1301210011624,2013-2017,Georgia,Fulton County,11624,2630,76,243,330,1141,840,184830
509,G1301210011625,2013-2017,Georgia,Fulton County,11625,4871,354,341,768,1969,1439,107175
510,G1301210011626,2013-2017,Georgia,Fulton County,11626,6218,433,701,1373,1985,1726,94803
511,G1301210011800,2013-2017,Georgia,Fulton County,11800,973,84,242,262,244,141,16087
512,G1301210011900,2013-2017,Georgia,Fulton County,11900,2045,226,396,543,451,429,26032
513,G1301210012000,2013-2017,Georgia,Fulton County,12000,2169,488,811,498,242,130,28902
514,G1301210012300,2013-2017,Georgia,Fulton County,12300,1842,282,347,593,371,249,48155
